{"tie_options":{"header_layout":"1","top_nav":"true","top_nav_position":"true","top-nav-area-2":"menu","top-nav-components_search_layout":"default","top-nav-components_social_layout":"default","main_nav":"true","main_nav_layout":"true","main-nav-components_search":"true","main-nav-components_search_layout":"compact","main-nav-components_type_to_search":"true","main-nav-components_slide_area":"true","main-nav-components_login":"true","main-nav-components_social":"true","main-nav-components_social_layout":"list","sticky_behavior":"upwards","logo_margin":"20","logo_margin_bottom":"20","footer_instagram_rows":"1","footer_widgets_area_1":"true","footer_widgets_border_area_1":"true","footer_widgets_layout_area_1":"wide-narrow-2c","footer_widgets_area_2":"true","footer_widgets_layout_area_2":"footer-4c","copyright_area":"true","footer_menu":"true","category_layout":"excerpt","tag_layout":"excerpt","author_layout":"excerpt","author_pagination":"next-prev","search_layout":"excerpt","search_pagination":"next-prev","post_nav":"true","share_post_top":"true","share_pinterest_top":"true","share_reddit_top":"true","share_tumblr_top":"true","share_whatsapp_top":"true","share_center_bottom":"true","share_title_bottom":"true","share_style_bottom":"style_2","widgets_icon":"true","global_color":"#0a9e01","breaking_title_bg":"#ff4422","header_disable_shadows":"true","footer_border_top":"true","mobile_menu_search_color":"#0a0303","mobile_menu_background_type":"gradient","mobile_menu_background_gradient_color_1":"#0a9e01","mobile_menu_background_gradient_color_2":"#66a501","typography_body_google_font":"Scope+One","typography_headings_google_font":"Montserrat","mobile_menu_active":"true"},"homepage":{"1":{"settings":{"section_width":"true","sidebar_position":"full","background_color":"#efefef","parallax_effect":"scroll","section_id":"tiepost-xxxxxx-section-2014"},"blocks":{"1":{"style":"slider_16","order":"latest","number":"4","excerpt":"true","excerpt_length":"15","post_meta":"true","posts_category":"true","colored_mask":"true","breaking_effect":"reveal","boxid":"block_252"}}},"2":{"settings":{"sidebar_position":"right","sticky_sidebar":"true","parallax_effect":"scroll","section_id":"tiepost-xxxxxx-section-794"},"blocks":{"2":{"style":"big_thumb","title":"Must Read","order":"latest","number":"6","pagi":"next-prev","filters":"true","color":"#04c159","excerpt":"true","read_more":"true","post_meta":"true","breaking_effect":"reveal","boxid":"block_826"},"3":{"style":"scroll","title":"Most Viewed","order":"views","number":"5","excerpt":"true","read_more":"true","post_meta":"true","breaking_effect":"reveal","boxid":"block_2740"}}},"3":{"settings":{"sidebar_position":"full","parallax_effect":"scroll","section_id":"tiepost-xxxxxx-section-4359"},"blocks":{"4":{"style":"ad","title":"Block Title","order":"latest","number":"5","ad_img":"https:\/\/placehold.it\/728x90","ad_url":"#","ad_target":"true","ad_nofollow":"true","content_only":"true","excerpt":"true","read_more":"true","post_meta":"true","breaking_effect":"reveal","boxid":"block_303","ad_code":""}}},"4":{"settings":{"section_width":"true","sidebar_position":"full","parallax_effect":"scroll","dark_skin":"true","section_id":"tiepost-xxxxxx-section-1184"},"blocks":{"5":{"style":"videos_list","title":"Trending Videos","order":"latest","number":"5","videos":"https:\/\/www.youtube.com\/watch?v=8ixMCc_kayc\r\nhttps:\/\/www.youtube.com\/watch?v=vbNHCn2gHQ4\r\nhttps:\/\/vimeo.com\/68563528\r\nhttps:\/\/vimeo.com\/150703299\r\nhttps:\/\/vimeo.com\/98081345\r\nhttps:\/\/www.youtube.com\/watch?v=9k-yfW6uPKQ\r\nhttps:\/\/vimeo.com\/150703299\r\nhttps:\/\/www.youtube.com\/watch?v=ztfVoGqW5VU\r\nhttps:\/\/www.youtube.com\/watch?v=kSRucHuNHP4\r\nhttps:\/\/www.youtube.com\/watch?v=rMGEMYaQiOg\r\nhttps:\/\/www.youtube.com\/watch?v=laNWQXdahP4\r\nhttps:\/\/www.youtube.com\/watch?v=VKTIkC0HOos\r\nhttps:\/\/www.youtube.com\/watch?v=FtWVnXO5zZo\r\nhttps:\/\/www.youtube.com\/watch?v=AnU7O9ZZ_Ks","excerpt":"true","read_more":"true","dark":"true","post_meta":"true","breaking_effect":"reveal","boxid":"block_3493","videos_list_data":[{"id":"8ixMCc_kayc","type":"y"},{"id":"vbNHCn2gHQ4","type":"y"},{"id":"68563528","type":"v"},{"id":"150703299","type":"v"},{"id":"98081345","type":"v"},{"id":"9k-yfW6uPKQ","type":"y"},{"id":"150703299","type":"v"},{"id":"ztfVoGqW5VU","type":"y"},{"id":"kSRucHuNHP4","type":"y"},{"id":"rMGEMYaQiOg","type":"y"},{"id":"laNWQXdahP4","type":"y"},{"id":"VKTIkC0HOos","type":"y"},{"id":"FtWVnXO5zZo","type":"y"},{"id":"AnU7O9ZZ_Ks","type":"y"}]}}},"5":{"settings":{"section_width":"true","sidebar_position":"left","sticky_sidebar":"true","parallax_effect":"scroll","section_id":"tiepost-xxxxxx-section-3847"},"blocks":{"6":{"style":"2c","title":"Apps","order":"latest","number":"4","pagi":"next-prev","color":"#f48938","excerpt":"true","read_more":"true","post_meta":"true","breaking_effect":"reveal","boxid":"block_1762"},"7":{"style":"2c","title":"Headphones","order":"latest","number":"4","pagi":"next-prev","color":"#514748","excerpt":"true","read_more":"true","post_meta":"true","breaking_effect":"reveal","boxid":"block_1751"},"8":{"style":"1c","title":"Reviews","order":"latest","number":"5","pagi":"next-prev","filters":"true","color":"#7889db","excerpt":"true","excerpt_length":"40","read_more":"true","post_meta":"true","breaking_effect":"reveal","boxid":"block_373"}}},"6":{"settings":{"section_width":"true","sidebar_position":"full","background_color":"#f2f2f2","parallax":"true","parallax_effect":"scroll","section_id":"tiepost-xxxxxx-section-1009"},"blocks":{"9":{"style":"slider_15","title":"Block Title","order":"latest","number":"3","excerpt":"true","read_more":"true","post_meta":"true","breaking_effect":"reveal","boxid":"block_3252"}}},"7":{"settings":{"section_width":"true","sidebar_position":"right","sticky_sidebar":"true","parallax_effect":"scroll","section_id":"tiepost-xxxxxx-section-4301"},"blocks":{"10":{"style":"li","title":"Science","order":"latest","number":"5","pagi":"next-prev","excerpt":"true","excerpt_length":"15","read_more":"true","post_meta":"true","breaking_effect":"reveal","boxid":"block_2157"},"11":{"style":"default","title":"Latest news","order":"latest","number":"5","pagi":"load-more","excerpt":"true","read_more":"true","post_meta":"true","breaking_effect":"reveal","boxid":"block_2658"}}}},"home_data":[],"widgets":{"primary-widget-area":{"social-statistics-3":{"title":"Follow Us","style":"4"},"stream-item-widget-4":{"title":"Advertisement","tran_bg":"true","new_window":"true","nofollow":"true","e3lan_img":"https:\/\/placehold.it\/336x280","e3lan_url":"#","e3lan_code":""},"widget_tabs-2":{"posts_number":"5","posts_order":"viewed","tabs_order":""},"social-2":{"title":"Social","tran_bg":"true","center":"true"},"posts-list-widget-2":{"title":"Last Modified","no_of_posts":"4","posts_order":"modified","offset":"","media_overlay":null,"cats_id":null,"style":"5"},"posts-list-widget-3":{"title":"Popular Posts","no_of_posts":"5","posts_order":"views","offset":"","media_overlay":null,"cats_id":null,"style":"7"},"posts-list-widget-7":{"title":"Most Viewed","no_of_posts":"5","posts_order":"views","offset":"","media_overlay":null,"cats_id":null,"style":"2"}},"first-footer-widget-area_1":{"author-bio-widget-2":{"title":"","img":"https:\/\/placehold.it\/508x75","text_code":"Jannah is a Clean Responsive WordPress Newspaper, Magazine, News and Blog theme. Packed with options that allow you to completely customize your website to your needs.\r\n","circle":null,"center":null,"social_icons":null,"margin_top":"12px","margin_bottom":"0px","width":"254px","height":""}},"second-footer-widget-area_1":{"social-4":{"title":"Social","tran_bg":"true","center":"true"}},"first-footer-widget-area_2":{"nav_menu-5":{"title":"POPULAR COMPANIES","nav_menu":16}},"second-footer-widget-area_2":{"nav_menu-4":{"title":"MUST READ","nav_menu":15}},"third-footer-widget-area_2":{"nav_menu-3":{"title":"IMPORTANT LINKS","nav_menu":14}},"fourth-footer-widget-area_2":{"tie-widget-categories-4":{"title":"TRENDING TOPICS","depth":null}},"section_1":{"social-statistics-2":{"title":"Follow Us","style":"4"},"posts-list-widget-8":{"title":"Last Modified","no_of_posts":"4","posts_order":"latest","offset":"","media_overlay":null,"cats_id":null,"style":"3"}},"section_2":{"posts-list-widget-9":{"title":"Popular","no_of_posts":"5","posts_order":"latest","offset":"","media_overlay":null,"cats_id":null,"style":"7"},"posts-list-widget-10":{"title":"Recent Posts","no_of_posts":"6","posts_order":"latest","offset":"4","media_overlay":null,"cats_id":null,"style":"5"}},"section_3":{"tie-widget-categories-5":{"title":"Categories","depth":"true"},"stream-item-widget-3":{"title":"Advertisement","tran_bg":"true","new_window":"true","nofollow":"true","e3lan_img":"https:\/\/placehold.it\/336x280","e3lan_url":"#","e3lan_code":""},"tie-newsletter-2":{"title":"Newsletter","text":"\t<h4>With Product You Purchase<\/h4>\r\n\t<h3>Subscribe to our mailing list to get the new updates!<\/h3>\r\n\t<p>Lorem ipsum dolor sit amet, consectetur.<\/p>","mailchimp":"","feedburner":"#","show_icon":"true"}}},"post_content":"[tie_index]Design &amp; build quality[\/tie_index]\r\n\r\n[padding top=\"0\" bottom=\"0\" right=\"5%\" left=\"5%\"]\r\n<h2>Apple Watch review: Design<\/h2>\r\nFor a slightly more opinionated version of the video review above, here's the male half of the <em>Macworld<\/em> team arguing (after four months with this device) about whether the Apple Watch is a great or a terrible product:\r\n\r\nThe Apple Watch is beautifully designed and engineered, with a great look and feel. It's chunky, rounded body is faintly reminiscent of the original iPhone, yet simultaneously modern-looking and very satisfying to hold. The Apple Watch is also pleasingly comfortable on the wrist.\r\n\r\n<img class=\"size-medium wp-image-261 alignleft\" src=\"https:\/\/placehold.it\/253x300\" alt=\"hermes_large\" width=\"253\" height=\"300\" \/>We've seen lots of fitness trackers over the years, and they've typically struck us as pretty formulaic: plasticky wristbands with little fashion appeal. One activity tracker brand tried to convince us that their activity tracker was designed to appeal to a fashion-conscious woman; they even thought that women would wear it around their neck like a necklace. But at the end of the day, it wasn't jewellery. None of the fitness trackers on the market are.\r\n\r\nIt's a similar story with smartwatches. Sure, over the past year they've become more and more popular with guys looking for the latest tech gadget, but they don't appeal to everyone. One major issue is that most smartwatches are designed for men. They wouldn't sit comfortably on a smaller wrist.\r\n\r\n[tie_index]Dimensions[\/tie_index]\r\n<h2>Apple Watch review: Dimensions<\/h2>\r\nThere are two sizes of watch: the 38mm model (which actually measures 38.6 by 33.3 mm) and the 42mm model (which measures 42 by 35.9 mm). Both have a thickness of 10.5mm.\r\n\r\n[tie_list type=\"checklist\"]\r\n<ul>\r\n \t<li>38mm model: 38.6 x 33.3 x 10.5mm<\/li>\r\n \t<li>42mm model: 42.0 x 35.9 x 10.5mm<\/li>\r\n<\/ul>\r\n[\/tie_list]\r\n\r\n<em>Here's how a 38mm Apple Watch looks on Karen's wrist:<\/em>\r\n\r\n[\/padding]\r\n\r\n[tie_full_img]<a href=\"https:\/\/placehold.it\/1200x800\"><img class=\"alignnone wp-image-5 size-full\" src=\"https:\/\/placehold.it\/1200x800\" alt=\"slide-1\" width=\"1200\" height=\"800\" \/><\/a>[\/tie_full_img]\r\n\r\n[tie_index]Build quality[\/tie_index]\r\n\r\n[padding top=\"0\" bottom=\"0\" right=\"5%\" left=\"5%\"]\r\n<h2>Apple Watch review: Build quality<\/h2>\r\nSpeaking of the materials the watch is made from, there are three options: aluminium for the Watch Sport, stainless steel for the Watch, and 18-carat gold for the Watch Edition. The Watch and Watch Edition come with sapphire screens, the Sport version with ion-x glass.\r\n\r\n[\/padding]\r\n\r\n<img class=\"alignleft wp-image-272\" src=\"https:\/\/placehold.it\/450x639\" alt=\"pexels-photo-28222\" width=\"300\" height=\"426\" \/>We love the look and feel of the Apple Watch. As we mentioned above, it looks a bit like a shrunk-down version of the original iPhone, and it's reassuringly robust - after almost a year with the Watch, there\u00a0no scratches on the body or screen, although the brighter of our two Sport Band straps is starting to look a bit grubby.\r\n\r\nApple doesn't recommend dunking your Apple Watch first-gen in water. While the watch is rated as water-resistant to the IPX7 standard, which should mean it will survive in water up to a depth of 1 metre for up to 30 minutes, Apple describes it as \"splash- and water-resistant but not waterproof\". So it's ok to use it in the shower - as Apple's CEO Tim Cook apparently does - but it's not to be taken swimming.\r\n\r\n[padding top=\"0\" bottom=\"0\" right=\"5%\" left=\"5%\"]Having said that, plenty of reckless reviewers have done exactly that, and we've yet to hear anyone complain that their watch was damaged by the experience. We don't recommend taking the risk, and you obviously won't have a leg to stand on with Apple if something does go wrong since they've been careful to only claim it's water-<em>resistant<\/em>. But it appears that yes, the Apple Watch is waterproof.[\/padding]\r\n\r\n[tie_index]Straps[\/tie_index]\r\n\r\n[padding top=\"0\" bottom=\"0\" right=\"5%\" left=\"5%\"]\r\n<h2>Apple Watch review: Straps<\/h2>\r\nWhile we're on the subject of straps, which one should you pick to go with your beautiful Apple Watch?\r\n\r\n[\/padding]\r\n\r\n<img class=\"alignnone size-full wp-image-281\" src=\"https:\/\/placehold.it\/944x196\" alt=\"compare_large2\" width=\"944\" height=\"196\" \/>\r\n\r\n[padding top=\"0\" bottom=\"0\" right=\"5%\" left=\"5%\"]There are a wide collection of straps to choose from, including: Link Bracelet, Sport Band, Leather Loop, Classic Buckle, Modern Buckle, Milanese Loop and more recently, Nylon band and Hermes straps.\r\n<blockquote class=\"alignright quote-simple \">The Leather Loop, Classic Buckle, Leather Loop, Modern Buckle<\/blockquote>\r\nThe Leather Loop, Classic Buckle, Leather Loop, Modern Buckle, Woven Nylon and Sport Band options are offered in multiple colour choices while the Milanese Loop and Link Bracelet are only available in two colours. The Sport Band comes in 22 different colours including black, white, pink, yellow, blue, grey, lime green,\u00a0lavender, antique white, stone and midnight blue, for example.\r\n\r\n[\/padding]\r\n\r\n[tie_index]Screen[\/tie_index]\r\n\r\n[padding top=\"0\" bottom=\"0\" right=\"5%\" left=\"5%\"]\r\n<h2>Apple Watch review: Screen<\/h2>\r\nWhile doing our best to extend the watch's battery life, we wanted to force-quit some apps and found the method of doing so deeply counterintuitive.\r\n\r\n<img class=\"wp-image-282 alignleft\" src=\"https:\/\/placehold.it\/328x698\" alt=\"bands_large-copy\" width=\"174\" height=\"370\" \/>Returning to the screen, the resolution depends on the watch you choose. The resolution of the screen on the 38mm Apple Watch (which measures 1.32 inches diagonally) is 272x340 while the 42mm model offers 312x390 on a screen that measures 1.5 inches. Both models, therefore, offer a pixel density of 326 pixels per inch, or ppi.\r\n\r\nIn both cases, the Apple Watch screen is officially rated (or perhaps we should say branded) as Retina-quality, and our subjective experience with it has been great. It's sharp and vividly colourful and we've yet to notice any pixellation.\r\n\r\nThe touchscreen aspects work terrifically too: it's highly responsive, and we found we tend to fall back on old habits, swiping through screens whenever possible by using the touchscreen even if a scrolling option is available via the Digital Crown. It ought to be as easy to quit apps and glances as it is on the iPhone - but it isn't. To quit an app you have to press and hold the side button, and then do the same again. Nobody is going to stumble on that by accident.\r\n\r\n[\/padding]\r\n\r\n[tie_index]User interface[\/tie_index]\r\n<h2 id=\"interface\" style=\"text-align: center;\">Apple Watch review: User interface<\/h2>\r\n[tie_full_img]<img class=\"alignnone wp-image-285 size-full\" src=\"https:\/\/placehold.it\/1350x355\" alt=\"edition_large\" width=\"1350\" height=\"355\" \/>[\/tie_full_img]\r\n\r\n[padding top=\"0\" bottom=\"0\" right=\"5%\" left=\"5%\"]\r\n\r\nApple's design expertise is only a small part of what makes the Apple Watch stand out. Another factor in its favour is the user interface. The problem many current smartwatches have is that the UI is packed onto a tiny display and you need to manipulate those tiny visual elements using your fingers, which are inevitably bigger than the elements you're trying to touch.\r\n\r\nBelow we examine Apple's method for controlling the user interface, and the software you can expect to see on the Apple Watch.\r\n\r\n[\/padding]\r\n\r\n[tie_index]Using screen[\/tie_index]\r\n\r\n[padding top=\"0\" bottom=\"0\" right=\"5%\" left=\"5%\"]\r\n<h2>Apple Watch review: Using the Apple Watch screen<\/h2>\r\nOne way to use the Watch is via the screen. You can scroll around the screen, tap on items to select them or press harder to get more options - akin to using right click on a mouse. Various gestures bring up other elements of the operating system. For example, Glances are accessed by swiping up on the watch face.\r\n\r\n[\/padding]\r\n\r\n[tie_full_img]<img class=\"alignnone size-full wp-image-288\" src=\"https:\/\/placehold.it\/1350x700\" alt=\"gallery_large-new2\" width=\"1350\" height=\"700\" \/>[\/tie_full_img]\r\n\r\n[padding top=\"0\" bottom=\"0\" right=\"5%\" left=\"5%\"]\r\n\r\nThere's also Apple's Force Touch technology that determines how hard you are pressing the Watch and will act accordingly. There is a difference between a hard press and a simple tap. (We discuss Force Touch in more detail below.)\r\n\r\n[\/padding]\r\n\r\n[tie_index]Performance[\/tie_index]\r\n\r\n[padding top=\"0\" bottom=\"0\" right=\"5%\" left=\"5%\"]\r\n<h2>Apple Watch review: Speed\/performance<\/h2>\r\nOne possible weakness of the Apple Watch - depending on how demanding your standards are when it comes to wearable tech - could be its all-around speed. Numerous reviewers have found the interface sluggish in use and noticed a delay before certain actions.[\/padding]\r\n<blockquote class=\"alignleft quote-simple \">Update 8 September 2016: It should be noted that the below section is based on the original watch and not the Series 1 or 2 which feature a 50 percent faster processor.<\/blockquote>\r\nAs with many aspects of this product, experiences have varied among the team, and it's likely that day-to-day performance is influenced by factors such as apps and Glances currently running. It's rare to find an app that's\u00a0near-instantaneous to respond, as they'll open quickly but will often hang, leaving us staring at a black loading screen; and syncing processes with the iPhone, over a Bluetooth connection, can be sluggish.\r\n\r\n[padding top=\"0\" bottom=\"0\" right=\"5%\" left=\"5%\"]\r\n\r\nWe've also found, as have many users, that third-party apps can sometimes be slow to start up.\u00a0watchOS 2 looked to speed up third-party apps by allowing them to run natively on the Apple watch, but as we mention in our watchOS 2 section of the review below, we still find apps pretty sluggish and we often give up and end up using our iPhone apps instead.\r\n\r\n[\/padding]\r\n\r\n[tie_index]Digital Crown[\/tie_index]\r\n<h2 id=\"controls\">Apple Watch review: Using the Digital Crown<\/h2>\r\nApple's solution to the navigation problem is to use something that has always been a feature of watches in a new way.\r\n\r\nThe dial on the side of the watch - its proper name is the crown - has been brought into the 21st century and turned into what Apple calls the Digital Crown. This Digital Crown solves the problem of swiping through icons on a minuscule display.\r\n\r\n<img class=\"alignnone size-full wp-image-290\" src=\"https:\/\/placehold.it\/800x431\" alt=\"nike_alt_large-new12\" width=\"800\" height=\"431\" \/>\r\n\r\n[padding top=\"0\" bottom=\"0\" right=\"5%\" left=\"5%\"]\r\n\r\nBelow the Digital Crown is another button. This button takes you to the home screen and to the Friends app, from which you can contact your friends (more on that below). This button is also used when you're paying for things using Apple Pay (more on that below, also).\r\n\r\n[tie_index]Battery life[\/tie_index]\r\n<h2 id=\"battery\">Apple Watch review: Battery life<\/h2>\r\nApple claims that on a typical day, with typical usage, you should get 18 hours of battery life from the Apple Watch. In other words, you ought to be able to get through a whole day, but that will be about it: expect to charge it every night. (Which, incidentally, rules out being able to sleep with the watch on - which is likely to be a disappointment to developers of sleep-related apps.)\r\n\r\n<img class=\"alignleft size-medium wp-image-291\" src=\"https:\/\/placehold.it\/262x300\" alt=\"apple-watch-charging\" width=\"262\" height=\"300\" \/>\r\nIn fact, your use may vary. Apple's 'typical day' included a half-hour workout, but if you exercise more than that you may use up the battery quicker - in Apple's tests, the battery lasted 6.5 hours during a workout (so you should at least be able to run that marathon without running out of battery). If you use the Apple Watch to play music you will also find that to be a bit of a battery hog. Apple got 6.5 hours of audio playback out of the test device before it ran out of power.\r\n\r\n[\/padding]\r\n\r\n[tie_index]Pricing and availability[\/tie_index]\r\n<h2>Apple Watch review: Apple Watch UK price<\/h2>\r\nPricing varies depending on the watch and strap you choose. For more information about Watch prices, read our Apple Watch buying advice.\r\n\r\nThe Apple Watch price starts at \u00a3259 in the UK; that's for the 38mm Apple Watch Sport with a plastic band, and \u00a3299 for the 42mm version. The stainless steel Apple Watch starts at \u00a3479 and the newer Apple Watch Hermes starts at \u00a31000, while the 18-carat gold Apple Watch Edition starts at an eye-watering \u00a38,000.\r\n\r\n<h2>OUR VERDICT<\/h2>\r\nThe Apple Watch isn't the first ever smartwatch, and it doesn't really do anything rival products don't do. But what it does do, it does as well as any smartwatch out there, thanks to Apple's user interface expertise. It's a slick device to use, although you should be warned that it isn't completely intuitive, particularly at first. With use it will become more familiar and user-friendly."}
