{"last_tab":"","mtn_logo":{"url":"","id":"","height":"","width":"","thumbnail":""},"mtn_favicon":{"url":"","id":"","height":"","width":"","thumbnail":""},"head_messagge":"","footer_copyright":"© 2018 Yoursite all rights reserved.","home_page_layout":{"disabled":{"placebo":"placebo","video_listing":"Videos+Pagination","latest_gifs":"Latest Gifs"},"enabled":{"placebo":"placebo","popular_performers":"Performers","random_listing":"Random Videos","last_listing":"Lastest Videos","galleries":"Latest Photos","popular_categories":"Video Categories"}},"watched_now_videos":"5","beingwatched_title":"Being Watched Now","feel_lucky":"I feel lucky","homepage_videos":"30","homepage_photos":"5","all_galleries_btn":"View all %total_photos% photo galleries","latest_videos_block":"5","all_videos_btn":"View all %total_videos% videos","video_categories_limit":"3","cat_desc_vic":"0","view_all_in_term":"View all %term_videos% videos in %category_name%","homepage_gifs":"10","home_gif_title":"Latest Gif Galleries","all_gifs_btn":"View all %total_gifs% gif galleries","performers_block":"40","performers_block_title":"Popular Models","all_performers_btn":"View all %total_terms% performers","homepage-layout":"2","home_videos_by":"0","mtn_newest_title":"Latest Updates","mtn_newest_galleries_title":"Newest Photos","mtn_related_title":"Related Videos","mtn_related_photos_title":"Related Photos","mtn_related_gifs_title":"Related Gifs","mtn_rated_title":"Highest Rated","mtn_viewed_title":"Most Viewed Videos","mtn_commented_title":"Most Commented Videos","ad_text":"ADVERTISEMENT","ad_close":"Close & Play","pagination_next":"Next »","pagination_prev":"« Previous","part_btn":"Part","image_next":"Next Image »","image_prev":"« Previous Image","image_back":"Back to Gallery","vote_thanks":"Thankyou for your vote!","vote_rated":"Already Rated!","sort_by_mobile":"Sort by","newest_btn":"Newest","viewed_btn":"Most Viewed","rating_btn":"Rating","discussed_btn":"Discussed","gender_btn":"Gender Sorting","men_btn":"Men","women_btn":"Women","trans_btn":"","show_more_btn":"Show more related videos","s_opt_video":"Video","s_opt_video_search":"Search %total_videos% videos...","s_opt_photo":"Photo","s_opt_photo_search":"Search %total_photos% photos...","s_opt_gif":"Gif","s_opt_gif_search":"Search %total_gifs% gifs...","s_opt_blog":"Blog","s_opt_blog_search":"Search %total_blogs% blogs...","general_title_heading":"h1","live_videos_heading":"span","sidebar_title_heading":"span","thumbnail_title_heading":"h3","footer_title_heading":"h6","related_title_heading":"span","post_description_type":"1","thumb":"thumb_url","duration":"video_duration","video_duration_seconds":"0","embed":"embed_code","videourl":"video_format","vide_description":"video_description","fake-post-views":"1","fake-views-min-value":"1000","fake-views-max-value":"9999","fake-post-rating":"1","fake-rating-min-value":"60","fake-rating-max-value":"100","thumbfix":"0","video-type":["videofile"],"videosize":"10","imagesize":"2","submit_redirect_to":"","submit_assigned_user":"1","submit_status":"pending","submit_editor":"0","comment_permission":"0","404_redirection":"1","mtn_footwidgets":"ftdefault","mtn_lazyloading":"unveil_lazy","google-analytics":"","submit_permission":"0","custom-analytics":"","mtn_rel_op":"random","single-video-layout":"4","video_hd_all":"0","tax_videos":"20","related_videos_per_page":"10","related_more_per_page":"10","gallery_cpt":"1","single-photo-layout":"4","photo_hd_all":"0","tax_photos":"30","phototype-archive-layout":"2","related_photos_per_page":"10","gallery_rewrite_slug":"gallery","rewrite_slug_gallery_category":"phototype","rewrite_slug_gallery_tag":"photo_tag","blogs_cpt":"1","single-blog-layout":"4","blogs_per_page":"10","related_blogs_per_page":"5","blogtype-archive-layout":"2","blog_rewrite_slug":"blogs","rewrite_slug_blog_category":"blogtype","rewrite_slug_blog_tag":"blog_tag","gifs_cpt":"1","single-gif-layout":"4","gifs_per_page":"24","related_gifs_per_page":"16","giftype-archive-layout":"2","gif_rewrite_slug":"gif","rewrite_slug_gif_category":"giftype","rewrite_slug_gif_tag":"gif_tag","categories_per_page":"60","flyout-categories":"1","category-archive-layout":"2","performers_per_page":"20","rewrite_slug_performer":"performer","performer-archive-layout":"2","performer_list_type":"custom_image","flyout-performers":"1","channels_per_page":"60","rewrite_slug_channel":"channel","flyout-channels":"1","channel-archive-layout":"2","tags_per_page":"180","mtn_adsindex":"<img class=\"thumbnail\" src=\"https://bestia.mytubepress.com/light/wp-content/uploads/2018/05/pink.jpg\" style=\"max-width:100%\" alt=\"\">","mtn_adsbottom":"","mtn_adsvideo":"<img class=\"thumbnail\" style=\"max-width: 100%;\" src=\"https://bestia.mytubepress.com/light/wp-content/uploads/2018/05/720x90.png\" alt=\"\" />","mtn_afterpost":"<img src=\"https://bestia.mytubepress.com/light/wp-content/uploads/2018/05/mor.jpg\" style=\"max-width:100%\" alt=\"\">","mtn_mobiletop":"<img src=\"https://bestia.mytubepress.com/light/wp-content/uploads/2018/05/mor.jpg\" style=\"max-width:100%\" alt=\"\">","mtn_mobilebottom":"<img src=\"https://bestia.mytubepress.com/light/wp-content/uploads/2018/05/mor.jpg\" style=\"max-width:100%\" alt=\"\">","mtn_inembed":"","popunders":"","pop_desk_position":"footer","popunders_mobile":"footer","pop_mob_position":"footer","body-background":"#f2f2f2","general_links_color":{"regular":"#175b79","hover":"#3068B5","active":"#175b79"},"content-font-typography":{"font-style":"400","color":"#333","font-size":"14px","line-height":"14px","text-transform":"none","font-family":"Arial, Helvetica, sans-serif","google":false},"content-title-typography":{"font-style":"400","font-family":"Arial, Helvetica, sans-serif","font-size":"127%","color":"#333","line-height":"127%","text-transform":"uppercase","google":false},"mtn_hidemenus":"1","top-bar-typography":{"font-style":"400","line-height":"100%","font-size":"100%","text-align":"left","color":"#fff","text-transform":"uppercase","font-family":"Arial, Helvetica, sans-serif","google":true},"top_bar_bg":{"background-color":"#000"},"top_bar_bg_hover":{"background-color":"#fff"},"top_bar_menu_color":"#000","centered_logo":"0","vibrate_logo":"1","srchfrm_btns_bg":{"background-color":"#fff"},"srchfrm_borders":"#e7e7e7","searchfrm_fnt_color":"#333","head_bg":"#fafafa","nav_border_top":"#e7e7e7","nav_border_bottom":"#e7e7e7","main_menu_colors":{"regular":"#333","hover":"#333","active":"#333"},"main-nav-typography":{"font-style":"400","color":"#333","line-height":"100%","font-size":"100%","text-transform":"uppercase","font-family":"Arial, Helvetica, sans-serif","google":true},"main_menu_hover":"#333","current_menu_color":"#efefef","preview-style":"2","thumb-padding":{"padding-top":"1","padding-right":"1","padding-bottom":"1","padding-left":"1","units":"px"},"thumb-margin":{"margin-top":"2","margin-right":"2","margin-bottom":"2","margin-left":"2","units":"px"},"thumb_bg":"transparent","thumbs-typography":{"font-style":"400","color":"#333","text-align":"left","text-transform":"uppercase","font-size":"11px","line-height":"11px","font-family":"Arial, Helvetica, sans-serif","google":true},"thumb_bg_hover":"#ffffff","thumb_color_hover":"#616161","hd_icon_bg":"#c10060","likes_icon_bg":"#dd3333","sidebar_bg":"transparent","sidebar-title-typography":{"font-style":"400","font-family":"Arial, Helvetica, sans-serif","google":true,"text-align":"left","font-size":"110%","line-height":"110%","color":"#333","text-transform":"uppercase"},"sidebar-content-typography":{"font-style":"400","font-size":"100%","line-height":"100%","text-align":"left","color":"#333","font-family":"Arial, Helvetica, sans-serif","google":true},"sidebar_link_color":{"regular":"#333","hover":"#333","active":"#333"},"side_menu_border_bottom":"#e6e6e6","foot_widgets_bg":"#fff","foot_heading_color":"#333","foot_heading_border_1":"#dd84e7","foot_heading_border_2":"#f2f2f2","footer_links":{"regular":"#666","hover":"#dd84e7","active":"#666"},"foot_bg":"#fafafa","foot_text_color":"#333","toolbar-border":{"border-color":"#eee","border-style":"solid","border-top":"1px","border-right":"1px","border-bottom":"1px","border-left":"1px"},"single_content_title_background":"#fafafa","single_content_title_color":"#000","r_avarage_bg":"#fafafa","r_avarage_border_left":"#eee","r_avarage_progress":"#e840cc","r_avarage_counter":"#606060","r_avarage_like_buttons_bg":"#fafafa","r_avarage_like_buttons_color":"#3f3f3f","r_avarage_like_btn_bg":"#e840cc","r_avarage_like_btn_color":"#fff","r_avarage_dislike_btn_bg":"#9421ce","r_avarage_dislike_btn_color":"#fff","dislike_btn_border_left_color":"#c9c9c9","buttons-typography":{"font-style":"400","font-size":"12px","text-transform":"uppercase","text-align":"left","line-height":"12px","color":"#333","font-family":"Arial, Helvetica, sans-serif","google":true},"btns-border":{"border-color":"#ccc","border-style":"solid","border-top":"1px","border-right":"1px","border-bottom":"1px","border-left":"1px"},"btns-background":{"background-color":"transparent"},"btns-border-hover":{"border-color":"#ccc","border-style":"solid","border-top":"1px","border-right":"1px","border-bottom":"1px","border-left":"1px"},"btns-background-hover":{"background-color":"#f7f7f7"},"buttons-sorters-hover-color":"#333","pagination_style":"default","rounded-pagination":0,"center-pagination":0,"bp_itembody_bg":{"color":"#ccc"},"bp_itembody_color":"#333","bp_links_color":{"regular":"#175b79","hover":"#3068B5","active":"#175b79"},"mtn_stil":".home .hm-slide {\r\ndisplay:none !important;\r\n}\r\n.addtoany_content_bottom {\r\ndisplay: none !important;\r\n}","mtn_headerhook":"","mtn_analtik":"","defaults-section":"Reset Section","mtn_video_grabber":"default","44499389-start":"","44499389-end":"","4tgsh9877-start":"","4tgsh9877-end":"","46738829-start":"","46738829-end":"","srch-frm-start":"","srch-frm-end":"","navbar-opts-start":"","navbar-opts-end":"","07890938-start":"","07890938-end":"","9569273-start":"","9569273-end":"","8915215-start":"","8915215-end":"","70299839-start":"","divider_content_rating_avarage":"","divider_content_rating_buttons":"","divider_like_button":"","divider_dislike_button":"","70299839-end":"","57886993-start":"","989938894-end":"","987687289-start":"","987687289-end":"","buddypress9-start":"","bp-information":"","buddypress9-end":"","slide_line":"#e840cc","57898594-start":"","57898594-end":"","8029378493-start":"","8029378493-end":"","989848489393-start":"","989848489393-end":"","62083902-start":"","62083902-end":"","620239487-start":"","620239487-end":"","698754-start":"","698754-end":"","66597033-start":"","66597033-end":"","6167819-start":"","6167819-end":"","6966696-start":"","6966696-end":"","956578923-start":"","956578923-end":"","7878642-start":"","7878642-end":"","598983294-start":"","598983294-end":"","43904348-start":"","43904348-end":"","7729389-start":"","4form-information":"","submit_roles":"","7729389-end":"","divider_tag_tax":"","redux_import_export":"","redux-backup":1}